{
    "loss": 10.82153034210205,
    "accuracy": 0.45104894042015076
}