{
    "loss": 5.524355411529541,
    "accuracy": 0.6573426723480225
}